what,kind,bundleId,bundleVersion,description,time
activated,editor,org.eclipse.jdt.ui,3.7.1.r371_v20110824-0800,"org.eclipse.jdt.ui.CompilationUnitEditor",1318076438340
activated,view,org.eclipse.jdt.ui,3.7.1.r371_v20110824-0800,"org.eclipse.jdt.ui.PackageExplorer",1318076442090
activated,perspective,com.android.ide.eclipse.ddms,12.0.0.v201106281929-138431,"com.android.ide.eclipse.ddms.Perspective",1318076459490
activated,view,com.android.ide.eclipse.ddms,12.0.0.v201106281929-138431,"com.android.ide.eclipse.ddms.views.LogCatView",1318076460510
activated,editor,org.eclipse.jdt.ui,3.7.1.r371_v20110824-0800,"org.eclipse.jdt.ui.CompilationUnitEditor",1318076488602
activated,perspective,org.eclipse.jdt.ui,3.7.1.r371_v20110824-0800,"org.eclipse.jdt.ui.JavaPerspective",1318076488632
activated,editor,org.eclipse.jdt.ui,3.7.1.r371_v20110824-0800,"org.eclipse.jdt.ui.CompilationUnitEditor",1318076488654
activated,view,org.eclipse.jdt.ui,3.7.1.r371_v20110824-0800,"org.eclipse.jdt.ui.PackageExplorer",1318076493678
activated,editor,com.android.ide.eclipse.adt,12.0.0.v201106281929-138431,"com.android.ide.eclipse.editors.manifest.ManifestEditor",1318076493983
activated,view,org.eclipse.jdt.ui,3.7.1.r371_v20110824-0800,"org.eclipse.jdt.ui.PackageExplorer",1318076528227
activated,editor,com.android.ide.eclipse.adt,12.0.0.v201106281929-138431,"com.android.ide.eclipse.editors.manifest.ManifestEditor",1318076532827
started,bundle,org.eclipse.wst.xsl.launching,1.0.200.v201103081922,"org.eclipse.wst.xsl.launching",1318076657708
started,bundle,org.eclipse.wst.xsl.jaxp.launching,1.0.200.v201103081922,"org.eclipse.wst.xsl.jaxp.launching",1318076657761
opened,editor,org.eclipse.wst.xml.ui,1.1.201.v201108151912,"org.eclipse.wst.xml.ui.internal.tabletree.XMLMultiPageEditorPart",1318076659987
activated,editor,org.eclipse.wst.xml.ui,1.1.201.v201108151912,"org.eclipse.wst.xml.ui.internal.tabletree.XMLMultiPageEditorPart",1318076660084
deactivated,workbench,org.eclipse.ui.workbench,3.7.0.I20110519-0100,"",1318076664780
activated,workbench,org.eclipse.ui.workbench,3.7.0.I20110519-0100,"",1318076667986
activated,view,org.eclipse.ui.console,3.5.100.v20110511,"org.eclipse.ui.console.ConsoleView",1318076671031
activated,view,org.eclipse.jdt.ui,3.7.1.r371_v20110824-0800,"org.eclipse.jdt.ui.PackageExplorer",1318076695987
deactivated,workbench,org.eclipse.ui.workbench,3.7.0.I20110519-0100,"",1318076702098
closed,editor,org.eclipse.wst.xml.ui,1.1.201.v201108151912,"org.eclipse.wst.xml.ui.internal.tabletree.XMLMultiPageEditorPart",1318076705056
activated,workbench,org.eclipse.ui.workbench,3.7.0.I20110519-0100,"",1318076705095
executed,command,org.eclipse.ui,3.7.0.I20110602-0100,"org.eclipse.ui.edit.delete",1318076705157
deactivated,workbench,org.eclipse.ui.workbench,3.7.0.I20110519-0100,"",1318076728410
activated,workbench,org.eclipse.ui.workbench,3.7.0.I20110519-0100,"",1318076733383
deactivated,workbench,org.eclipse.ui.workbench,3.7.0.I20110519-0100,"",1318076734841
activated,workbench,org.eclipse.ui.workbench,3.7.0.I20110519-0100,"",1318076738602
deactivated,workbench,org.eclipse.ui.workbench,3.7.0.I20110519-0100,"",1318076739902
activated,workbench,org.eclipse.ui.workbench,3.7.0.I20110519-0100,"",1318076746069
activated,editor,com.android.ide.eclipse.adt,12.0.0.v201106281929-138431,"com.android.ide.eclipse.editors.manifest.ManifestEditor",1318076746132
activated,perspective,com.android.ide.eclipse.ddms,12.0.0.v201106281929-138431,"com.android.ide.eclipse.ddms.Perspective",1318076752465
activated,view,com.android.ide.eclipse.ddms,12.0.0.v201106281929-138431,"com.android.ide.eclipse.ddms.views.LogCatView",1318076752498
activated,perspective,org.eclipse.jdt.ui,3.7.1.r371_v20110824-0800,"org.eclipse.jdt.ui.JavaPerspective",1318076782831
activated,editor,com.android.ide.eclipse.adt,12.0.0.v201106281929-138431,"com.android.ide.eclipse.editors.manifest.ManifestEditor",1318076782882
activated,view,org.eclipse.jdt.ui,3.7.1.r371_v20110824-0800,"org.eclipse.jdt.ui.PackageExplorer",1318076785192
deactivated,workbench,org.eclipse.ui.workbench,3.7.0.I20110519-0100,"",1318076789032
error,log,,,"Failed to load properties file for project 'mapsTest'",1318076811259
activated,workbench,org.eclipse.ui.workbench,3.7.0.I20110519-0100,"",1318076811389
deactivated,workbench,org.eclipse.ui.workbench,3.7.0.I20110519-0100,"",1318076816574
activated,workbench,org.eclipse.ui.workbench,3.7.0.I20110519-0100,"",1318076820720
deactivated,workbench,org.eclipse.ui.workbench,3.7.0.I20110519-0100,"",1318076821756
activated,workbench,org.eclipse.ui.workbench,3.7.0.I20110519-0100,"",1318076825592
activated,editor,com.android.ide.eclipse.adt,12.0.0.v201106281929-138431,"com.android.ide.eclipse.editors.manifest.ManifestEditor",1318076825653
deactivated,workbench,org.eclipse.ui.workbench,3.7.0.I20110519-0100,"",1318076833035
activated,workbench,org.eclipse.ui.workbench,3.7.0.I20110519-0100,"",1318076834073
activated,view,org.eclipse.jdt.ui,3.7.1.r371_v20110824-0800,"org.eclipse.jdt.ui.PackageExplorer",1318076836308
opened,editor,org.eclipse.jdt.ui,3.7.1.r371_v20110824-0800,"org.eclipse.jdt.ui.CompilationUnitEditor",1318076838171
activated,editor,org.eclipse.jdt.ui,3.7.1.r371_v20110824-0800,"org.eclipse.jdt.ui.CompilationUnitEditor",1318076838296
closed,editor,org.eclipse.jdt.ui,3.7.1.r371_v20110824-0800,"org.eclipse.jdt.ui.CompilationUnitEditor",1318076842255
closed,editor,com.android.ide.eclipse.adt,12.0.0.v201106281929-138431,"com.android.ide.eclipse.editors.layout.LayoutEditor",1318076842274
closed,editor,com.android.ide.eclipse.adt,12.0.0.v201106281929-138431,"com.android.ide.eclipse.editors.manifest.ManifestEditor",1318076842295
executed,command,org.eclipse.ui,3.7.0.I20110602-0100,"org.eclipse.ui.edit.undo",1318076856077
executed,command,org.eclipse.ui,3.7.0.I20110602-0100,"org.eclipse.ui.edit.undo",1318076856473
executed,command,org.eclipse.ui,3.7.0.I20110602-0100,"org.eclipse.ui.edit.undo",1318076856796
executed,command,org.eclipse.ui,3.7.0.I20110602-0100,"org.eclipse.ui.edit.undo",1318076857240
executed,command,org.eclipse.ui,3.7.0.I20110602-0100,"org.eclipse.ui.edit.text.contentAssist.proposals",1318076865215
deactivated,workbench,org.eclipse.ui.workbench,3.7.0.I20110519-0100,"",1318076867072
activated,workbench,org.eclipse.ui.workbench,3.7.0.I20110519-0100,"",1318076868283
executed,command,,,"AUTOGEN:::org.eclipse.jdt.internal.ui.CompilationUnitEditor.ruler.actions/org.eclipse.jdt.internal.ui.javaeditor.JavaSelectRulerAction",1318076874076
deactivated,workbench,org.eclipse.ui.workbench,3.7.0.I20110519-0100,"",1318076881047
activated,workbench,org.eclipse.ui.workbench,3.7.0.I20110519-0100,"",1318076886022
deactivated,workbench,org.eclipse.ui.workbench,3.7.0.I20110519-0100,"",1318076886176
activated,workbench,org.eclipse.ui.workbench,3.7.0.I20110519-0100,"",1318076890331
executed,command,org.eclipse.ui,3.7.0.I20110602-0100,"org.eclipse.ui.file.save",1318076897893
executed,command,,,"AUTOGEN:::org.eclipse.jdt.internal.ui.CompilationUnitEditor.ruler.actions/org.eclipse.jdt.internal.ui.javaeditor.JavaSelectRulerAction",1318076899937
deactivated,workbench,org.eclipse.ui.workbench,3.7.0.I20110519-0100,"",1318076901122
activated,workbench,org.eclipse.ui.workbench,3.7.0.I20110519-0100,"",1318076902130
executed,command,org.eclipse.ui,3.7.0.I20110602-0100,"org.eclipse.ui.file.save",1318076903640
executed,command,org.eclipse.ui,3.7.0.I20110602-0100,"org.eclipse.ui.file.save",1318076910089
activated,view,org.eclipse.jdt.ui,3.7.1.r371_v20110824-0800,"org.eclipse.jdt.ui.PackageExplorer",1318076915350
opened,editor,com.android.ide.eclipse.adt,12.0.0.v201106281929-138431,"com.android.ide.eclipse.editors.manifest.ManifestEditor",1318076915942
activated,editor,com.android.ide.eclipse.adt,12.0.0.v201106281929-138431,"com.android.ide.eclipse.editors.manifest.ManifestEditor",1318076916048
started,bundle,org.eclipse.wst.css.ui,1.0.600.v201103022054,"org.eclipse.wst.css.ui",1318076939103
started,bundle,org.eclipse.wst.html.ui,1.0.601.v201108152113,"org.eclipse.wst.html.ui",1318076939133
executed,command,org.eclipse.ui,3.7.0.I20110602-0100,"org.eclipse.ui.edit.text.contentAssist.proposals",1318076939362
executed,command,org.eclipse.ui,3.7.0.I20110602-0100,"org.eclipse.ui.edit.text.contentAssist.proposals",1318076945719
deactivated,workbench,org.eclipse.ui.workbench,3.7.0.I20110519-0100,"",1318076950408
activated,workbench,org.eclipse.ui.workbench,3.7.0.I20110519-0100,"",1318076951261
deactivated,workbench,org.eclipse.ui.workbench,3.7.0.I20110519-0100,"",1318076951599
activated,workbench,org.eclipse.ui.workbench,3.7.0.I20110519-0100,"",1318076957616
deactivated,workbench,org.eclipse.ui.workbench,3.7.0.I20110519-0100,"",1318076958600
activated,workbench,org.eclipse.ui.workbench,3.7.0.I20110519-0100,"",1318076965443
executed,command,org.eclipse.ui,3.7.0.I20110602-0100,"org.eclipse.ui.edit.text.contentAssist.proposals",1318076970832
executed,command,org.eclipse.ui,3.7.0.I20110602-0100,"org.eclipse.ui.edit.text.contentAssist.proposals",1318076986024
deactivated,workbench,org.eclipse.ui.workbench,3.7.0.I20110519-0100,"",1318076987640
activated,workbench,org.eclipse.ui.workbench,3.7.0.I20110519-0100,"",1318076988635
deactivated,workbench,org.eclipse.ui.workbench,3.7.0.I20110519-0100,"",1318076990665
activated,workbench,org.eclipse.ui.workbench,3.7.0.I20110519-0100,"",1318076995784
executed,command,org.eclipse.ui,3.7.0.I20110602-0100,"org.eclipse.ui.edit.text.contentAssist.proposals",1318076999875
deactivated,workbench,org.eclipse.ui.workbench,3.7.0.I20110519-0100,"",1318077001693
activated,workbench,org.eclipse.ui.workbench,3.7.0.I20110519-0100,"",1318077003236
executed,command,org.eclipse.ui,3.7.0.I20110602-0100,"org.eclipse.ui.edit.text.contentAssist.proposals",1318077005772
deactivated,workbench,org.eclipse.ui.workbench,3.7.0.I20110519-0100,"",1318077006732
activated,workbench,org.eclipse.ui.workbench,3.7.0.I20110519-0100,"",1318077007286
executed,command,org.eclipse.ui,3.7.0.I20110602-0100,"org.eclipse.ui.file.save",1318077008450
opened,editor,org.eclipse.wst.xml.ui,1.1.201.v201108151912,"org.eclipse.wst.xml.ui.internal.tabletree.XMLMultiPageEditorPart",1318077011369
activated,editor,org.eclipse.wst.xml.ui,1.1.201.v201108151912,"org.eclipse.wst.xml.ui.internal.tabletree.XMLMultiPageEditorPart",1318077011420
activated,view,org.eclipse.ui.console,3.5.100.v20110511,"org.eclipse.ui.console.ConsoleView",1318077015227
activated,view,org.eclipse.jdt.ui,3.7.1.r371_v20110824-0800,"org.eclipse.jdt.ui.PackageExplorer",1318077024882
started,bundle,org.eclipse.pde.core,3.7.1.v20110822-2108,"org.eclipse.pde.core",1318077026330
deactivated,workbench,org.eclipse.ui.workbench,3.7.0.I20110519-0100,"",1318077028049
closed,editor,org.eclipse.wst.xml.ui,1.1.201.v201108151912,"org.eclipse.wst.xml.ui.internal.tabletree.XMLMultiPageEditorPart",1318077029456
activated,workbench,org.eclipse.ui.workbench,3.7.0.I20110519-0100,"",1318077029507
executed,command,org.eclipse.ui,3.7.0.I20110602-0100,"org.eclipse.ui.edit.delete",1318077029564
deactivated,workbench,org.eclipse.ui.workbench,3.7.0.I20110519-0100,"",1318077035362
activated,workbench,org.eclipse.ui.workbench,3.7.0.I20110519-0100,"",1318077044634
activated,editor,com.android.ide.eclipse.adt,12.0.0.v201106281929-138431,"com.android.ide.eclipse.editors.manifest.ManifestEditor",1318077044704
deactivated,workbench,org.eclipse.ui.workbench,3.7.0.I20110519-0100,"",1318077045658
activated,workbench,org.eclipse.ui.workbench,3.7.0.I20110519-0100,"",1318077046530
deactivated,workbench,org.eclipse.ui.workbench,3.7.0.I20110519-0100,"",1318077057699
activated,workbench,org.eclipse.ui.workbench,3.7.0.I20110519-0100,"",1318077064099
deactivated,workbench,org.eclipse.ui.workbench,3.7.0.I20110519-0100,"",1318077065255
activated,workbench,org.eclipse.ui.workbench,3.7.0.I20110519-0100,"",1318077066329
executed,command,org.eclipse.ui,3.7.0.I20110602-0100,"org.eclipse.ui.edit.text.contentAssist.proposals",1318077069436
executed,command,org.eclipse.ui,3.7.0.I20110602-0100,"org.eclipse.ui.edit.paste",1318077077472
executed,command,org.eclipse.ui,3.7.0.I20110602-0100,"org.eclipse.ui.file.save",1318077078513
deactivated,workbench,org.eclipse.ui.workbench,3.7.0.I20110519-0100,"",1318077080513
activated,workbench,org.eclipse.ui.workbench,3.7.0.I20110519-0100,"",1318077091580
activated,view,org.eclipse.jdt.ui,3.7.1.r371_v20110824-0800,"org.eclipse.jdt.ui.PackageExplorer",1318077095537
opened,editor,com.android.ide.eclipse.adt,12.0.0.v201106281929-138431,"com.android.ide.eclipse.editors.layout.LayoutEditor",1318077101341
activated,editor,com.android.ide.eclipse.adt,12.0.0.v201106281929-138431,"com.android.ide.eclipse.editors.layout.LayoutEditor",1318077101413
executed,command,org.eclipse.ui,3.7.0.I20110602-0100,"org.eclipse.ui.edit.paste",1318077107566
executed,command,org.eclipse.ui,3.7.0.I20110602-0100,"org.eclipse.ui.file.save",1318077110594
started,bundle,org.eclipse.equinox.p2.garbagecollector,1.0.200.v20110510,"org.eclipse.equinox.p2.garbagecollector",1318077111621
deactivated,workbench,org.eclipse.ui.workbench,3.7.0.I20110519-0100,"",1318077112205
activated,workbench,org.eclipse.ui.workbench,3.7.0.I20110519-0100,"",1318077117650
executed,command,org.eclipse.ui,3.7.0.I20110602-0100,"org.eclipse.ui.edit.paste",1318077121330
executed,command,org.eclipse.ui,3.7.0.I20110602-0100,"org.eclipse.ui.file.save",1318077122195
opened,editor,org.eclipse.wst.xml.ui,1.1.201.v201108151912,"org.eclipse.wst.xml.ui.internal.tabletree.XMLMultiPageEditorPart",1318077129075
activated,editor,org.eclipse.wst.xml.ui,1.1.201.v201108151912,"org.eclipse.wst.xml.ui.internal.tabletree.XMLMultiPageEditorPart",1318077129133
activated,view,org.eclipse.jdt.ui,3.7.1.r371_v20110824-0800,"org.eclipse.jdt.ui.PackageExplorer",1318077132287
deactivated,workbench,org.eclipse.ui.workbench,3.7.0.I20110519-0100,"",1318077134226
closed,editor,org.eclipse.wst.xml.ui,1.1.201.v201108151912,"org.eclipse.wst.xml.ui.internal.tabletree.XMLMultiPageEditorPart",1318077135386
activated,workbench,org.eclipse.ui.workbench,3.7.0.I20110519-0100,"",1318077135428
executed,command,org.eclipse.ui,3.7.0.I20110602-0100,"org.eclipse.ui.edit.delete",1318077135491
deactivated,workbench,org.eclipse.ui.workbench,3.7.0.I20110519-0100,"",1318077159043
activated,workbench,org.eclipse.ui.workbench,3.7.0.I20110519-0100,"",1318077171007
activated,editor,com.android.ide.eclipse.adt,12.0.0.v201106281929-138431,"com.android.ide.eclipse.editors.manifest.ManifestEditor",1318077174602
activated,view,org.eclipse.jdt.ui,3.7.1.r371_v20110824-0800,"org.eclipse.jdt.ui.PackageExplorer",1318077338725
deactivated,workbench,org.eclipse.ui.workbench,3.7.0.I20110519-0100,"",1318077341075
activated,workbench,org.eclipse.ui.workbench,3.7.0.I20110519-0100,"",1318077420002
activated,editor,com.android.ide.eclipse.adt,12.0.0.v201106281929-138431,"com.android.ide.eclipse.editors.manifest.ManifestEditor",1318077420068
deactivated,workbench,org.eclipse.ui.workbench,3.7.0.I20110519-0100,"",1318077488354
activated,workbench,org.eclipse.ui.workbench,3.7.0.I20110519-0100,"",1318077774817
deactivated,workbench,org.eclipse.ui.workbench,3.7.0.I20110519-0100,"",1318077778053
activated,workbench,org.eclipse.ui.workbench,3.7.0.I20110519-0100,"",1318077823697
deactivated,workbench,org.eclipse.ui.workbench,3.7.0.I20110519-0100,"",1318077829272
activated,workbench,org.eclipse.ui.workbench,3.7.0.I20110519-0100,"",1318077861749
executed,command,org.eclipse.ui,3.7.0.I20110602-0100,"org.eclipse.ui.window.preferences",1318077861770
deactivated,workbench,org.eclipse.ui.workbench,3.7.0.I20110519-0100,"",1318077864364
activated,workbench,org.eclipse.ui.workbench,3.7.0.I20110519-0100,"",1318077893397
activated,editor,org.eclipse.jdt.ui,3.7.1.r371_v20110824-0800,"org.eclipse.jdt.ui.CompilationUnitEditor",1318077895942
deactivated,workbench,org.eclipse.ui.workbench,3.7.0.I20110519-0100,"",1318077899952
activated,workbench,org.eclipse.ui.workbench,3.7.0.I20110519-0100,"",1318077903222
deactivated,workbench,org.eclipse.ui.workbench,3.7.0.I20110519-0100,"",1318077905349
activated,workbench,org.eclipse.ui.workbench,3.7.0.I20110519-0100,"",1318077906251
deactivated,workbench,org.eclipse.ui.workbench,3.7.0.I20110519-0100,"",1318077909569
activated,workbench,org.eclipse.ui.workbench,3.7.0.I20110519-0100,"",1318077910448
deactivated,workbench,org.eclipse.ui.workbench,3.7.0.I20110519-0100,"",1318077912647
activated,workbench,org.eclipse.ui.workbench,3.7.0.I20110519-0100,"",1318077916048
deactivated,workbench,org.eclipse.ui.workbench,3.7.0.I20110519-0100,"",1318077921646
activated,workbench,org.eclipse.ui.workbench,3.7.0.I20110519-0100,"",1318077924728
deactivated,workbench,org.eclipse.ui.workbench,3.7.0.I20110519-0100,"",1318077926247
activated,workbench,org.eclipse.ui.workbench,3.7.0.I20110519-0100,"",1318077927613
deactivated,workbench,org.eclipse.ui.workbench,3.7.0.I20110519-0100,"",1318077929667
activated,workbench,org.eclipse.ui.workbench,3.7.0.I20110519-0100,"",1318077930740
deactivated,workbench,org.eclipse.ui.workbench,3.7.0.I20110519-0100,"",1318077932373
activated,workbench,org.eclipse.ui.workbench,3.7.0.I20110519-0100,"",1318077933176
deactivated,workbench,org.eclipse.ui.workbench,3.7.0.I20110519-0100,"",1318077936229
activated,workbench,org.eclipse.ui.workbench,3.7.0.I20110519-0100,"",1318077936979
deactivated,workbench,org.eclipse.ui.workbench,3.7.0.I20110519-0100,"",1318077938745
no handler,command,org.eclipse.ui,3.7.0.I20110602-0100,"org.eclipse.ui.edit.text.contentAssist.proposals",1318077940324
activated,workbench,org.eclipse.ui.workbench,3.7.0.I20110519-0100,"",1318077941684
executed,command,org.eclipse.ui,3.7.0.I20110602-0100,"org.eclipse.ui.edit.text.contentAssist.proposals",1318077943647
deactivated,workbench,org.eclipse.ui.workbench,3.7.0.I20110519-0100,"",1318077946990
activated,workbench,org.eclipse.ui.workbench,3.7.0.I20110519-0100,"",1318077948586
executed,command,org.eclipse.ui,3.7.0.I20110602-0100,"org.eclipse.ui.file.save",1318077953170
deactivated,workbench,org.eclipse.ui.workbench,3.7.0.I20110519-0100,"",1318077958192
activated,workbench,org.eclipse.ui.workbench,3.7.0.I20110519-0100,"",1318077959670
executed,command,org.eclipse.ui,3.7.0.I20110602-0100,"org.eclipse.ui.file.save",1318077964567
executed,command,org.eclipse.ui,3.7.0.I20110602-0100,"org.eclipse.ui.edit.text.contentAssist.proposals",1318077968971
deactivated,workbench,org.eclipse.ui.workbench,3.7.0.I20110519-0100,"",1318077977174
activated,workbench,org.eclipse.ui.workbench,3.7.0.I20110519-0100,"",1318077979056
executed,command,org.eclipse.ui,3.7.0.I20110602-0100,"org.eclipse.ui.edit.text.contentAssist.proposals",1318077981152
executed,command,org.eclipse.ui,3.7.0.I20110602-0100,"org.eclipse.ui.file.save",1318077988313
deactivated,workbench,org.eclipse.ui.workbench,3.7.0.I20110519-0100,"",1318077988623
activated,workbench,org.eclipse.ui.workbench,3.7.0.I20110519-0100,"",1318078090384
activated,view,org.eclipse.jdt.ui,3.7.1.r371_v20110824-0800,"org.eclipse.jdt.ui.PackageExplorer",1318078092063
opened,view,org.eclipse.jdt.ui,3.7.1.r371_v20110824-0800,"org.eclipse.jdt.ui.SourceView",1318078093480
activated,view,org.eclipse.jdt.ui,3.7.1.r371_v20110824-0800,"org.eclipse.jdt.ui.SourceView",1318078093499
activated,view,org.eclipse.ui.console,3.5.100.v20110511,"org.eclipse.ui.console.ConsoleView",1318078095233
activated,editor,com.android.ide.eclipse.adt,12.0.0.v201106281929-138431,"com.android.ide.eclipse.editors.layout.LayoutEditor",1318078097908
error,log,,,"main.xml: Failed to find style 'mapViewStyle' in current theme",1318078099636
error,log,,,"main.xml: Failed to find style 'mapViewStyle' in current theme",1318078099637
error,log,,,"main.xml: Failed to find style 'mapViewStyle' in current theme",1318078099640
error,log,,,"main.xml: Failed to find style 'mapViewStyle' in current theme",1318078103671
error,log,,,"main.xml: Failed to find style 'mapViewStyle' in current theme",1318078103695
error,log,,,"main.xml: Failed to find style 'mapViewStyle' in current theme",1318078103698
deactivated,workbench,org.eclipse.ui.workbench,3.7.0.I20110519-0100,"",1318078111226
activated,workbench,org.eclipse.ui.workbench,3.7.0.I20110519-0100,"",1318078397117
deactivated,workbench,org.eclipse.ui.workbench,3.7.0.I20110519-0100,"",1318078398109
activated,workbench,org.eclipse.ui.workbench,3.7.0.I20110519-0100,"",1318078412543
activated,view,org.eclipse.jdt.ui,3.7.1.r371_v20110824-0800,"org.eclipse.jdt.ui.PackageExplorer",1318078415204
deactivated,workbench,org.eclipse.ui.workbench,3.7.0.I20110519-0100,"",1318078419943
executed,command,org.eclipse.ui,3.7.0.I20110602-0100,"org.eclipse.ui.edit.paste",1318078458858
activated,workbench,org.eclipse.ui.workbench,3.7.0.I20110519-0100,"",1318078472611
opened,editor,org.eclipse.jdt.ui,3.7.1.r371_v20110824-0800,"org.eclipse.jdt.ui.CompilationUnitEditor",1318078472847
activated,editor,org.eclipse.jdt.ui,3.7.1.r371_v20110824-0800,"org.eclipse.jdt.ui.CompilationUnitEditor",1318078472963
deactivated,workbench,org.eclipse.ui.workbench,3.7.0.I20110519-0100,"",1318078484585
activated,workbench,org.eclipse.ui.workbench,3.7.0.I20110519-0100,"",1318078484697
executed,command,org.eclipse.ui,3.7.0.I20110602-0100,"org.eclipse.ui.file.save",1318078486377
deactivated,workbench,org.eclipse.ui.workbench,3.7.0.I20110519-0100,"",1318078494318
activated,workbench,org.eclipse.ui.workbench,3.7.0.I20110519-0100,"",1318078494444
deactivated,workbench,org.eclipse.ui.workbench,3.7.0.I20110519-0100,"",1318078494596
activated,workbench,org.eclipse.ui.workbench,3.7.0.I20110519-0100,"",1318078495947
deactivated,workbench,org.eclipse.ui.workbench,3.7.0.I20110519-0100,"",1318078496356
activated,workbench,org.eclipse.ui.workbench,3.7.0.I20110519-0100,"",1318078520185
deactivated,workbench,org.eclipse.ui.workbench,3.7.0.I20110519-0100,"",1318078525923
activated,workbench,org.eclipse.ui.workbench,3.7.0.I20110519-0100,"",1318078526836
executed,command,org.eclipse.ui,3.7.0.I20110602-0100,"org.eclipse.ui.edit.text.contentAssist.proposals",1318078531954
deactivated,workbench,org.eclipse.ui.workbench,3.7.0.I20110519-0100,"",1318078532816
activated,workbench,org.eclipse.ui.workbench,3.7.0.I20110519-0100,"",1318078534183
deactivated,workbench,org.eclipse.ui.workbench,3.7.0.I20110519-0100,"",1318078537448
activated,workbench,org.eclipse.ui.workbench,3.7.0.I20110519-0100,"",1318078538552
executed,command,org.eclipse.ui,3.7.0.I20110602-0100,"org.eclipse.ui.edit.text.contentAssist.proposals",1318078540130
deactivated,workbench,org.eclipse.ui.workbench,3.7.0.I20110519-0100,"",1318078542715
activated,workbench,org.eclipse.ui.workbench,3.7.0.I20110519-0100,"",1318078543804
deactivated,workbench,org.eclipse.ui.workbench,3.7.0.I20110519-0100,"",1318078549045
activated,workbench,org.eclipse.ui.workbench,3.7.0.I20110519-0100,"",1318078550118
deactivated,workbench,org.eclipse.ui.workbench,3.7.0.I20110519-0100,"",1318078551901
activated,workbench,org.eclipse.ui.workbench,3.7.0.I20110519-0100,"",1318078552872
deactivated,workbench,org.eclipse.ui.workbench,3.7.0.I20110519-0100,"",1318078555671
activated,workbench,org.eclipse.ui.workbench,3.7.0.I20110519-0100,"",1318078556689
deactivated,workbench,org.eclipse.ui.workbench,3.7.0.I20110519-0100,"",1318078560105
activated,workbench,org.eclipse.ui.workbench,3.7.0.I20110519-0100,"",1318078561100
executed,command,org.eclipse.ui,3.7.0.I20110602-0100,"org.eclipse.ui.file.save",1318078564222
deactivated,workbench,org.eclipse.ui.workbench,3.7.0.I20110519-0100,"",1318078567659
activated,workbench,org.eclipse.ui.workbench,3.7.0.I20110519-0100,"",1318078567728
executed,command,org.eclipse.ui,3.7.0.I20110602-0100,"org.eclipse.ui.file.save",1318078570106
deactivated,workbench,org.eclipse.ui.workbench,3.7.0.I20110519-0100,"",1318078572936
activated,workbench,org.eclipse.ui.workbench,3.7.0.I20110519-0100,"",1318078606923
deactivated,workbench,org.eclipse.ui.workbench,3.7.0.I20110519-0100,"",1318078613144
activated,workbench,org.eclipse.ui.workbench,3.7.0.I20110519-0100,"",1318078616063
deactivated,workbench,org.eclipse.ui.workbench,3.7.0.I20110519-0100,"",1318078618384
activated,workbench,org.eclipse.ui.workbench,3.7.0.I20110519-0100,"",1318078618911
deactivated,workbench,org.eclipse.ui.workbench,3.7.0.I20110519-0100,"",1318078620896
activated,workbench,org.eclipse.ui.workbench,3.7.0.I20110519-0100,"",1318078621848
executed,command,org.eclipse.ui,3.7.0.I20110602-0100,"org.eclipse.ui.edit.text.contentAssist.proposals",1318078627908
executed,command,org.eclipse.ui,3.7.0.I20110602-0100,"org.eclipse.ui.file.save",1318078630128
deactivated,workbench,org.eclipse.ui.workbench,3.7.0.I20110519-0100,"",1318078631125
activated,workbench,org.eclipse.ui.workbench,3.7.0.I20110519-0100,"",1318078643688
deactivated,workbench,org.eclipse.ui.workbench,3.7.0.I20110519-0100,"",1318078644465
activated,workbench,org.eclipse.ui.workbench,3.7.0.I20110519-0100,"",1318078645636
executed,command,org.eclipse.ui,3.7.0.I20110602-0100,"org.eclipse.ui.file.save",1318078658609
executed,command,org.eclipse.ui,3.7.0.I20110602-0100,"org.eclipse.ui.file.save",1318078661321
deactivated,workbench,org.eclipse.ui.workbench,3.7.0.I20110519-0100,"",1318078661596
activated,workbench,org.eclipse.ui.workbench,3.7.0.I20110519-0100,"",1318078663002
deactivated,workbench,org.eclipse.ui.workbench,3.7.0.I20110519-0100,"",1318078664286
activated,workbench,org.eclipse.ui.workbench,3.7.0.I20110519-0100,"",1318078665271
executed,command,org.eclipse.ui,3.7.0.I20110602-0100,"org.eclipse.ui.edit.text.contentAssist.proposals",1318078669001
executed,command,org.eclipse.ui,3.7.0.I20110602-0100,"org.eclipse.ui.edit.text.contentAssist.proposals",1318078673892
deactivated,workbench,org.eclipse.ui.workbench,3.7.0.I20110519-0100,"",1318078675686
activated,workbench,org.eclipse.ui.workbench,3.7.0.I20110519-0100,"",1318078676697
deactivated,workbench,org.eclipse.ui.workbench,3.7.0.I20110519-0100,"",1318078677256
activated,workbench,org.eclipse.ui.workbench,3.7.0.I20110519-0100,"",1318078694489
executed,command,org.eclipse.ui,3.7.0.I20110602-0100,"org.eclipse.ui.edit.copy",1318078697359
executed,command,org.eclipse.ui,3.7.0.I20110602-0100,"org.eclipse.ui.edit.paste",1318078698882
executed,command,org.eclipse.ui,3.7.0.I20110602-0100,"org.eclipse.ui.file.save",1318078708604
deactivated,workbench,org.eclipse.ui.workbench,3.7.0.I20110519-0100,"",1318078708912
activated,workbench,org.eclipse.ui.workbench,3.7.0.I20110519-0100,"",1318078710184
executed,command,org.eclipse.ui,3.7.0.I20110602-0100,"org.eclipse.ui.edit.text.contentAssist.proposals",1318078711897
executed,command,org.eclipse.ui,3.7.0.I20110602-0100,"org.eclipse.ui.file.save",1318078713758
executed,command,org.eclipse.ui.workbench.texteditor,3.7.0.v20110505-0800,"org.eclipse.ui.edit.text.showRulerContextMenu",1318078716761
executed,command,org.eclipse.debug.ui,3.7.101.v20110817_r371,"org.eclipse.debug.ui.commands.RunLast",1318078723255
deactivated,workbench,org.eclipse.ui.workbench,3.7.0.I20110519-0100,"",1318078723463
